,0
0,yeast
1,water
2,sugar
3,salt
4,eggs
5,butter
6,flour
7,powder
8,seeds
9,oil
10,milk
11,vanilla extract
12,almond extract
13,orange juice
14,confectioners
15,egg
16,pinch ground ginger
17,pinch ground mace
18,orange zest
19,raisins
20,fruit peel
21,almonds
22,egg yolk
23,applesauce
24,ground cinnamon
25,soda
26,cream
27,boiling water
28,oats
29,
30,brown sugar
31,molasses
32,cooking oats
33,apple juice
34,ground nutmeg
35,apple
36,walnuts
37,buttermilk
38,egg yolks
39,lemon extract
40,fruit preserves
41,wheat flour
42,ground cardamom
43,cottage cheese
44,margarine
45,ripe bananas
46,coffee granules
47,semisweet chocolate chips
48,cornmeal
49,bell pepper
50,onion
51,kernel corn
52,pimento peppers
53,jalapeno peppers
54,maple syrup
55,bread
56,cocoa powder
57,chocolate chips
58,ghee
59,plain yogurt
60,kalonji
61,corn syrup
62,semisweet chocolate
63,mini semi chocolate chips
64,bananas
65,ground cloves
66,chopped pecans
67,wheat germ
68,honey
69,potato
70,bread machine yeast
71,skim milk
72,pork
73,shrimp
74,onions
75,ginger root
76,soy sauce
77,rice wine
78,ground pepper
79,recipe
80,boneless pork loin roast
81,barbecue sauce
82,shallots
83,chicken broth
84,carrots
85,pineapple
86,cider vinegar
87,caraway seed
88,fennel seed
89,milk powder
90,fruit
91,beer
92,pinch ground cinnamon
93,cake mix
94,wheat berries
95,barley
96,millet
97,green lentils
98,beans
99,kidney beans
100,pinto beans
101,zucchini
102,cream cheese
103,pumpkin
104,cherries
105,citron
106,coconut milk
107,coconut
108,chunks
109,self flour
110,oat bran
111,beef bouillon
112,ground
113,chile oil
114,ground cumin
115,chili powder
116,thyme
117,tapioca flour
118,pinch ground nutmeg
119,wheat baking powder
120,kosher salt
121,vanilla mix
122,vinegar
123,garlic
124,parsley
125,rice flour
126,xanthan gum
127,gelatin
128,superfine sugar
129,egg substitute
130,walnut oil
131,lemon yogurt
132,zest
133,lemon juice
134,lemon zest
135,nutmeg
136,ground flour
137,pastry flour
138,lard
139,instant milk
140,currants
141,sourdough starter
142,onion powder
143,basil
144,dill weed
145,celery seed
146,ground ginger
147,ground allspice
148,ground mace
149,tomato paste
150,sherry
151,sun tomatoes
152,cheese
153,sea salt
154,rosemary
155,cream tartar
156,pinch salt
157,beverage
158,bread dough
159,dinner roll dough
160,sesame seeds
161,macadamia nuts
162,potato flakes
163,boiling potatoes
164,hoisin sauce
165,oyster sauce
166,cornstarch
167,sesame oil
168,citrus peel
169,rum
170,oregano
171,citron peel
172,pistachio mix
173,maraschino cherries
174,food coloring
175,lukewarm milk
176,bran cereal
177,butterscotch pudding mix
178,apple peel
179,anise seed
180,egg whites
181,coffee powder
182,olives
183,stone ground cornmeal
184,oil frying
185,soy milk
186,liquid lecithin
187,oat flour
188,arrowroot powder
189,blueberries
190,wheat gluten
191,chives
192,pears
193,day bread cubes
194,canola oil
195,flax seed
196,pepperjack cheese
197,ground walnuts
198,apricot preserves
199,lecithin
200,bread roll mix
201,pork sausage
202,pepperoni
203,mozzarella cheese
204,monosodium glutamate
205,mix
206,whey powder
207,ground savory
208,strawberries
209,apple butter
210,pineapple juice
211,pinch soda
212,banana
213,vanilla soy milk
214,sucanat
215,vanilla chips
216,ice water
217,chai tea
218,day bread
219,flavor fruit jam
220,potato starch
221,spinach
222,ripe banana
223,corn oil
224,buttermilk biscuit dough
225,broccoli
226,provolone cheese
227,ricotta cheese
228,heads broccoli
229,salt pepper
230,prosciutto
231,dates
232,lemon mix
233,granola
234,mayonnaise
235,cloves
236,masa harina
237,whipping cream
238,pepperoni sausage
239,mushrooms
240,meal rye flour
241,spring water
242,grapes
243,muesli cereal
244,buttermilk mix
245,mincemeat
246,process cocoa powder
247,wheat
248,sunflower seeds
249,buckwheat flour
250,milk chocolate chips
251,bread crust
252,pack pumpkin puree
253,barley flour
254,dark rum
255,pumpkin pie spice
256,sweet potatoes
257,apples
258,peanut butter
259,cranberry sauce
260,pineapple chunks
261,walnut halves
262,vanilla wafers
263,coffee liqueur
264,chocolate sandwich cookies creme filling
265,cherry pie filling
266,chocolate
267,ground graham cracker crumbs
268,sandies cookies
269,Neufchatel cheese
270,plum baby food
271,nuts
272,lemon Jell-O®
273,vanilla sugar
274,chocolate cake mix
275,confectioners sugar
276,chocolate cookie crumbs
277,cream liqueur
278,apple pie
279,creme liqueur
280,chocolate syrup
281,mandarin orange segments
282,corn flour
283,devil food cake mix pudding
284,lime zest
285,lime juice
286,wine
287,chestnut
288,semi-sweet chocolate
289,marrons glaces
290,pint whipping cream
291,graham cracker squares
292,chocolate frosting
293,apricot nectar
294,pecans
295,gum drops licorice ones
296,brandy
297,bittersweet chocolate
298,moist cake mix
299,mandarin oranges juice
300,coconut extract
301,cola beverage
302,gummi worms
303,chocolate pudding mix
304,drops food coloring
305,strawberry Jell-O®
306,fruit cocktail
307,dessert topping
308,matzo meal
309,orange extract
310,graham cracker crust
311,apricot halves syrup
312,medium banana
313,light molasses
314,fine sugar
315,pint strawberries
316,fudge
317,hazelnuts
318,chocolate wafers
319,peppermint extract
320,pinch ground cloves
321,coffee
322,cream sherry
323,vanilla ice cream
324,lemonade concentrate
325,lemon
326,fluid pink lemonade concentrate
327,vodka
328,prunes
329,orange
330,butternut extract
331,pound cake
332,cherries juice
333,orange liqueur
334,coffee granules water
335,cream cheese room temperature
336,fluid brandy
337,mango
338,cranberries
339,grape juice
340,rosewater
341,ladyfinger cookies
342,imitation vanilla extract
343,peaches
344,caramels
345,vanilla sandwich cookies
346,tootsie rolls
347,liquid sweetener
348,chocolate English toffee
349,rhubarb
350,light rum
351,pina colada mix
352,lime beverage
353,almond paste
354,graham cracker crumbs
355,vanilla yogurt
356,candy sprinkles
357,sauerkraut
358,milk chocolate caramel candy
359,chocolate caramel nougat bars
360,fun size bars caramel peanut nougat candy
361,graham crackers
362,raspberries
363,seedless raspberry preserves
364,mascarpone cheese
365,sponge cake
366,ground pecans
367,gingersnap cookie crumbs
368,pureed prunes food
369,chocolate fudge frosting
370,pastry cream
371,fluid liqueur
372,fluid vodka
373,butter cake mix
374,miniature marshmallows
375,food cake mix
376,pints strawberries
377,peanut butter chips
378,devil food cake mix
379,caramel ice cream topping
380,chocolate toffee
381,rum extract
382,anisette toasts
383,almond
384,creme
385,orange cake mix
386,orange Jell-O® mix
387,butternuts
388,fluid cream
389,drink
390,chopped
391,amaretto liqueur
392,maple extract
393,ice cream cones
394,marshmallows
395,popcorn
396,gumdrops
397,chocolate peanuts
398,candy chocolate pieces
399,ground almonds
400,lemon peel
401,orange peel
402,candy milk chocolate eggs
403,apricots
404,tomato soup
405,chocolate toffee bars
406,fluid amaretto liqueur
407,macaroon cookies
408,mint extract
409,chocolate mints
410,biscuit mix
411,pint raspberries
412,butter margarine
413,peanuts
414,crisp rice cereal
415,blackberry Jell-O®
416,blackberry wine
417,halves
418,brandy flavoring
419,tomato sauce
420,angelica
421,chocolate wafer cookies
422,cream cheese chunks
423,pandan paste
424,ovalette
425,brandy orange liqueur
426,peppermint candies
427,ladyfingers
428,pints sherbet
429,figs
430,turbinado sugar
431,fluid lemon juice
432,milk ricotta cheese
433,strawberry mix
434,mandarin oranges
435,bourbon
436,pieces
437,halves garnish
438,carrot mix
439,brownie mix
440,chocolate fudge
441,vanilla wafer crumbs
442,glace cherries
443,chopped raisins
444,orange segments
445,gallon vanilla ice cream
446,apricot brandy
447,medium bananas
448,apples muffin mix
449,cognac
450,chocolate sandwich cookie crumbs
451,chocolate sandwich cookies
452,carrot baby food
453,plain milk yogurt
454,chocolate mousse mix
455,milk chocolate candy
456,butterscotch pudding
457,butterscotch chips
458,vanilla frosting
459,licorice whips
460,food cake
461,strawberry ice cream
462,bread crumbs
463,pineapple syrup
464,crunchy peanut butter
465,ready-to-use strawberry glaze
466,plums
467,frozen strawberries
468,orange juice concentrate
469,pineapple rings
470,orange food
471,blackberries
472,seedless raspberry jam
473,fruit Jell-O® mix
474,cake layers
475,Jell-O® mix
476,fluid water
477,inch pastry shells
478,sour cream
479,frozen
480,apricot baby food
481,lemon Jell-O® mix
482,drops oil
483,raspberry Jell-O® mix
484,gallon strawberry ice cream
485,cream coconut
486,cardamom extract
487,pie filling
488,rhubarb jam
489,dash oil
490,banana mix
491,dash vanilla extract
492,candies fruit peel
493,peaches juice
494,chunks juice
495,apple pie spice
496,sugar chocolate wafer cookie crumbs
497,sugar substitute
498,espresso coffee powder
499,bell
500,pint vanilla ice cream
501,syrup
502,glycerin
503,currant jelly
504,gingersnap cookies
505,part skim ricotta cheese
506,blueberry
507,zwieback toast
508,cherry brandy
509,cold
510,lemons
511,oranges
512,raisins dates
513,guava pulp
514,guava nectar
515,lime
516,hazelnut liqueur
517,yogurt
518,fat milk
519,liqueur
520,peaches syrup
521,pie cherries
522,pints part ricotta cheese
523,zwieback toast crumbs
524,pie crusts
525,sweetener
526,poppyseed
527,whiskey
528,drop food coloring
529,drop food
530,peel
531,packets sweetener
532,chocolate pudding pie filling mix
533,moist chocolate cake mix
534,blackberry preserves
535,cake
536,beans pork
537,potato flour
538,grape jam
539,orange fruit jelly candies
540,corn
541,peach brandy
542,mincemeat pie filling
543,oil substitute
544,minute
545,cracker crust
546,cranberry applesauce
547,beets
548,gluten vanilla extract
549,cocoa
550,persimmon pulp
551,orange candy
552,barley malt syrup
553,rice syrup
554,firm tofu
555,champagne
556,blueberry pie filling
557,pistachio nuts
558,strawberry extract
559,port wine
560,butterscotch schnapps
561,coconut frosting
562,chestnuts
563,marrons glace
564,strawberry beverage
565,apple juice concentrate
566,grain rice
567,half half cream
568,prune juice
569,pineapple syrup syrup
570,miniature semisweet chocolate chips
571,raspberry jam
572,root beer extract
573,root beer
574,spice mix
575,milk chocolate
576,box mix
577,ground turmeric
578,pine nuts
579,fluid milk
580,carnations
581,fluid
582,lowfat buttermilk
583,gel
584,paste food
585,orange chewy fruit candy squares
586,leaf spearmint gumdrops
587,candy lime
588,tapioca
589,pound cake mix
590,pint part skim ricotta cheese
591,citrus soda
592,fluid coffee
593,cannoli shells
594,strawberry jam
595,caramel candy
596,milk chocolate frosting
597,cayenne pepper
598,pineapple pie filling
599,potatoes
600,pureed dates
601,mouth pint jars lids rings
602,tomatoes
603,virgin oil
604,purple grapes
605,Baby Ruth  candy bars
606,sugar twin
607,seedless fruit preserves
608,thick
609,chocolate cracker cookies
610,tea
611,juice
612,pie crust
613,cold milk
614,rice
615,toffee candy
616,rings
617,kirschwasser
618,Bing cherries
619,pint blueberries
620,apricot halves
621,peach schnapps
622,strawberries syrup
623,cherry juice
624,fat margarine
625,skinless
626,chicken pieces
627,ham
628,chicken
629,cream chicken soup
630,bread mix
631,sauce
632,stalk celery
633,poultry
634,onion soup mix
635,teriyaki sauce
636,cooked
637,salsa
638,chiles
639,tortillas
640,salad
641,curry powder
642,paprika
643,Monterey Jack cheese
644,chicken parts
645,tarragon
646,skin pieces
647,celery
648,cornflakes cereal
649,sausage
650,bell peppers
651,chicken stock
652,carrot
653,chile peppers
654,chicken wings
655,mustard
656,bay leaf
657,boneless
658,cream mushroom soup
659,spaghetti
660,stalks celery
661,chicken thighs
662,pinch paprika
663,sweet sauce
664,chili beans
665,boneless chicken breast halves
666,squash
667,zucchinis
668,medium tomato
669,ground sage
670,marjoram
671,pepper sauce
672,bone chicken breast halves
673,bacon
674,beef
675,style mustard
676,wine vinegar
677,seedless grapes
678,cream Cheddar cheese soup
679,boneless breast halves
680,ketchup
681,hash brown potatoes
682,cubed
683,potato chips
684,drops food color
685,baby corn
686,saffron
687,tortillas strips
688,pinch ground pepper
689,dash lemon pepper
690,style bread crumbs
691,dash garlic powder
692,pinch parsley
693,apricot jam
694,ground chicken
695,feta cheese
696,pepper flakes
697,eggplant
698,salad greens
699,radishes
700,crisp bacon
701,cucumber salad
702,half half
703,penne pasta
704,honey mustard
705,egg noodles
706,cubes bouillon
707,mushrooms liquid
708,chicken bouillon powder
709,pimento
710,bunch cilantro
711,pepper
712,chicken size pieces
713,pasta
714,pineapple tidbits
715,stalk celery leaves
716,cucumber
717,limes
718,cilantro
719,garbanzo beans
720,chili
721,corn flakes cereal
722,style salad
723,meat extract
724,stalks grass
725,turmeric
726,peppercorns
727,dash pepper sauce
728,chutney
729,coarse ground pepper
730,horseradish
731,sage
732,beef consomme
733,boneless chicken breast cut strips
734,buttery round crackers
735,packet mix
736,chicken legs
737,cooking spray
738,pinch ground cumin
739,ground mustard
740,biscuit dough
741,pinch pepper flakes
742,corn flakes
743,ranch mix
744,avocado
745,honey mustard salad mix
746,sugar snap peas
747,avocados
748,ripe tomatoes
749,Monterey Jack cheese slices
750,pita breads
751,tomato
752,lettuce
753,sprig tarragon
754,vegetables
755,sodium chicken broth
756,cooking
757,jalapeno chile peppers
758,ground coriander seed
759,skewers
760,cannellini beans
761,chile paste
762,medium head cabbage
763,soba noodles
764,cream celery soup
765,cream cheese chives
766,tomatoes chile peppers
767,Cheddar cheese
768,cherry tomatoes
769,pimento olives
770,chicken drumsticks
771,skinless chicken thighs
772,bean sauce
773,leek
774,dill
775,saturei
776,syrup figs
777,herb mix
778,sprigs
779,chickens
780,cooked size pieces
781,Italian-style salad mix
782,zucchini squash
783,summer squash
784,muffins
785,asparagus
786,tart apple
787,cashews
788,jalapeno pepper
789,lemons wedges
790,chicken bouillon granules
791,ginger paste
792,garam masala
793,breast meat
794,rice vinegar
795,peanut oil
796,ramen noodles
797,chile pepper
798,tortilla chips
799,farfalle pasta
800,turkey sausage
801,water chestnuts
802,salt ground pepper
803,packet chicken bouillon granules
804,bay leaves
805,medium tomatoes
806,style peanut butter
807,pint cream
808,taco sauce
809,cubed breast meat
810,light cream
811,fettuccine pasta
812,tequila
813,cashew halves
814,leeks
815,soup
816,pastry inch crust pie
817,baby carrots
818,peas
819,head cabbage
820,crispy rice noodles
821,enchilada sauce
822,mustard powder
823,pineapple tidbits juice
824,mangos
825,lime juice pulp
826,dashes pepper sauce
827,steak sauce
828,corn tortillas
829,boneless skinless chicken breasts
830,style sausages
831,shiitake mushrooms
832,chopped tomatoes
833,artichoke hearts
834,jerk paste
835,sprigs cilantro
836,gin
837,jasmine rice
838,inch pieces
839,sprigs parsley
840,raspberry vinegar
841,sprig cilantro
842,sugar snap pea pods
843,thick chicken
844,hair pasta
845,Bloody Mary mix
846,lasagna noodles
847,bunch onions
848,corn kernels
849,style sauce
850,cut pieces
851,celery salt
852,spinach souffle
853,linguine pasta
854,cucumbers
855,mushroom soup
856,butter crackers
857,sandwich rolls
858,fat mayonnaise
859,pickles
860,pickle
861,cornflakes crumbs
862,okra
863,chicken tenderloins
864,stuffing mix
865,raspberry salsa
866,chicken drippings chicken
867,inch crust pie
868,hens
869,salt herb spice blend
870,de
871,chicken half
872,ginger
873,style
874,chips
875,bunch spinach
876,orange marmalade
877,fat mozzarella cheese
878,links pork sausage
879,whole tomatoes juice
880,cream chicken soup mix
881,chicken-flavor mix
882,chicken leg
883,chunky salsa
884,cream broccoli soup
885,croutons
886,pinch ground
887,broccoli florets
888,noodles
889,crescent rolls
890,low-sodium chicken broth
891,steak
892,rotini pasta
893,head romaine lettuce
894,barbeque sauce
895,medium head garlic
896,drops pepper sauce
897,picante sauce
898,fluid beer
899,chicken livers
900,herb broth
901,cooking sherry
902,fontina cheese
903,Catalina salad
904,capers
905,sweet potato
906,chile sauce
907,pinches powder
908,bulbs
909,spinach tagliatelle pasta
910,boneless breast half
911,base
912,corn flake cereal crumbs
913,head lettuce
914,mirin
915,bamboo
916,watercress
917,rice noodles inch pieces
918,pinch
919,ground pork
920,chicken breast meat
921,chicken tenders
922,breast tenderloins strips
923,tomato basil feta cheese
924,cabbage
925,game hens
926,biscuit dough pieces
927,bunches onions
928,taco mix
929,pinch ground turmeric
930,paste
931,round pepper
932,medium potatoes
933,ziti pasta
934,cube chicken bouillon
935,heads
936,artichoke hearts water
937,chicken gravy
938,chickens pieces
939,sweet vermouth
940,medium heads
941,bunch parsley
942,food
943,meat chicken pieces
944,whole tomatoes
945,pineapple juice concentrate
946,potato mix
947,herb bread mix
948,pizza crust
949,saltine crackers
950,dash sesame oil
951,bunches parsley
952,bunch thyme
953,pasta choice shape
954,creme fraiche
955,peanut oil frying
956,peppers adobo sauce
957,baby spinach
958,pinch oregano
959,peach halves
960,chili sauce
961,honey ham
962,lowfat cheese
963,peanut sauce
964,breads
965,ground hazelnuts
966,fluid hazelnut liqueur
967,button mushrooms
968,boneless chicken thighs
969,wheat barley nugget cereal
970,beans rice mix
971,salt seasoning
972,teriyaki basting sauce
973,bacon bits
974,tortillas half
975,candlenuts
976,shrimp paste
977,grass
978,mustard seed
979,pasta sauce
980,vermicelli pasta
981,baby peas
982,boneless chicken breasts
983,spice powder
984,leaves lettuce
985,lemon herb seasoning
986,sausage choice
987,cinnamon stick
988,bread cubes
989,cornbread
990,leaf parsley
991,sprouts
992,dash paprika
993,orange turnip
994,bacon fat
995,corn bread mix
996,corn muffin mix
997,pastry inch pie
998,carcass
999,cut beans
1000,bulbs fennel
1001,sugar pumpkin
1002,pinches ground cinnamon
1003,cherry Jell-O® mix
1004,process cheese sauce
1005,butternut squash
1006,pie shell
1007,cream style corn
1008,tart apples
1009,cream room temperature
1010,pinches
1011,turkey broth
1012,dark molasses
1013,puff pastry
1014,pearl onions
1015,shortening
1016,stuffing
1017,premium vanilla ice cream
1018,inch vanilla cookie crumb crust
1019,turkey
1020,goose
1021,rutabaga
1022,chicken bouillon
1023,crimini mushrooms
1024,artichokes
1025,medium head endive
1026,onion salt
1027,apple cider
1028,apple brandy
1029,baking potatoes
1030,rutabagas
1031,parsnips
1032,crust
1033,inch pastry shell
1034,cube beef bouillon cube
1035,pepper seasoning
1036,kiwis
1037,cinnamon sticks
1038,pint orange juice
1039,oysters
1040,turnips
1041,pinch ground sage
1042,pinch ground savory
1043,pie shells
1044,miniature chocolate peanut butter
1045,square sandwich bread
1046,pumpkin butter
1047,savory
1048,parsnip
1049,fillets
1050,breakfast sausage
1051,turkey stock
1052,pint oysters
1053,pinch salt ground pepper
1054,clean
1055,persimmons
1056,crookneck squash
1057,olives pimento
1058,bunch celery
1059,skinless boneless turkey breasts
1060,lettuce leaves
1061,turkey legs
1062,eggnog
1063,ground turkey
1064,chicken flavor mix
1065,wax beans
1066,cranberry juice concentrate
1067,crust pie
1068,turkey tenderloins
1069,bread pieces
1070,broth
1071,cubed apples
1072,porcini mushrooms
1073,egg bread
1074,pear
1075,beef drippings
1076,tawny port wine
1077,sprig thyme
1078,sprig marjoram
1079,cranberry juice
1080,pork roast
1081,chopped macadamia nuts
1082,ground pork sausage
1083,sprinkles jimmies
1084,ground beef
1085,pork loin roast
1086,ruby port wine
1087,pods cardamom
1088,peppermint candy canes
1089,lady apples
1090,allspice berries
1091,liters
1092,fluid sherry
1093,liter club soda
1094,trays ice cubes
1095,fruit punch
1096,pink lemonade concentrate
1097,gum drops
1098,shoyu
1099,anise oil
1100,giblet gravy
1101,mini twist pretzels
1102,leftover turkey
1103,turkey gravy
1104,calamari
1105,ground ham
1106,cook butterscotch mix
1107,cinnamon candies
1108,fluid rum
1109,ice
1110,dairy creamer
1111,salmon
1112,lemon wedges
1113,graham cracker crusts
1114,ground cumin seed
1115,pork loin
1116,onions peel
1117,cookie crumb crust
1118,sultana raisins
1119,fruit juice
1120,chocolate ice cream
1121,pints cream
1122,pint
1123,dressing mix
1124,marzipan
1125,leg lamb
1126,dash sauce
1127,raspberry preserves
1128,candy milk chocolate pieces
1129,rib roast
1130,crabmeat
1131,gallon milk
1132,pinches ground cloves
1133,liquid pectin
1134,pomegranate juice
1135,firm ripe peaches
1136,gallon water
1137,cauliflower
1138,allspice
1139,tea powder
1140,orange mix
1141,lemonade flavor drink powder
1142,cream potato soup
1143,drops peppermint oil
1144,color food paste
1145,vanilla confectioners
1146,pretzel twists
1147,candy chocolate
1148,phyllo dough
1149,ice tea mix
1150,drink mix e.g Tang
1151,cinnamon oil
1152,crispy rice cereal squares
1153,oat cereal
1154,pretzel sticks
1155,chocolate pieces
1156,pint vodka
1157,vanilla bean
1158,gallon apple cider
1159,milk chocolate rice
1160,chocolate drink mix
1161,fruitcake crumbs
1162,salami
1163,vanilla rice milk
1164,vanilla dairy frozen dessert
1165,lime sherbet
1166,crispy corn cereal squares
1167,milk chocolate pieces
1168,pectin
1169,chestnut puree
1170,liters beverage
1171,chocolate mint candies
1172,sugar crystals
1173,pound cake slices
1174,gallon apple juice
1175,chow mein noodles
1176,frosting mix
1177,chocolate cake mix pudding
1178,chocolate candy bar
1179,raspberry liqueur
1180,milk chocolate candy kisses
1181,wheat nuts
1182,decorator sugar
1183,crispy rice cereal
1184,confectioners sugar decoration
1185,thick applesauce
1186,sugar decoration
1187,orange flower water
1188,fructose
1189,crystal sugar
1190,carob powder
1191,pinch ground cardamom
1192,pistachios
1193,espresso powder
1194,chocolate mint cookies
1195,semisweet chocolate chunks
1196,lemon marmalade
1197,anise extract
1198,rolls caramel candies
1199,apricot fruit
1200,corn oil spread
1201,protein crisp rice wheat cereal
1202,chocolate candy bars
1203,fruit candies
1204,mini candy chocolates
1205,cinnamon sugar
1206,sodium baking powder
1207,soda crackers
1208,cake mix pudding
1209,milk chocolate candy bar
1210,peppermint patties
1211,miniature chocolate chips
1212,toffee bits
1213,chocolate peanut butter
1214,chocolate bar
1215,vanilla custard powder
1216,orange decorator sugar
1217,tart shells
1218,popsicle sticks
1219,sugar cookie mix
1220,rainbow miniature marshmallows
1221,wheat flake cereal
1222,pretzels
1223,bittersweet chocolate bar almond nougat
1224,maraschino cherry juice
1225,dash ground allspice
1226,meringue powder
1227,chocolate candies
1228,colors paste food
1229,cherry chips
1230,canola oil frying
1231,chocolate milk balls
1232,fun size bars chocolate caramel candy
1233,butter granules
1234,wheat bran
1235,fig preserves
1236,craft sticks
1237,pink decorator sugar
1238,vine licorice
1239,chocolate mint wafer candies
1240,bran flakes cereal
1241,sugar substitute aspartame
1242,jam
1243,almond brickle chips
1244,candies
1245,milk chocolate candy bar Hershey's® pieces
1246,chocolate rice cereal
1247,walnut extract
1248,sugar corn flake cereal
1249,grapefruit juice
1250,grapefruit zest
1251,chocolate raisins
1252,orange slices candy
1253,mini chocolate peanut candy
1254,chocolate frosting mix
1255,strawberry preserves
1256,chocolate cookie dough
1257,silver dragees candy
1258,jellybeans
1259,quality milk chocolate
1260,eggs shell
1261,nougat candy
1262,fluid anise liqueur
1263,drops extract
1264,miniature chocolate butter cups
1265,wheat pastry flour
1266,praline liqueur
1267,fat plain yogurt
1268,beer nut
1269,gluten powder
1270,chocolate cereal puffs
1271,ground anise seed
1272,room temperature beer
1273,corn chips
1274,baby food carrots
1275,chocolate chip mix pudding
1276,lavender flowers
1277,vanilla wafer cookies
1278,medium gumdrops
1279,rolls apricot fruit leather
1280,almond pieces
1281,bittersweet chocolate chunks
1282,cinnamon graham crackers
1283,lollipop sticks
1284,rice cereal
1285,nut grain granola
1286,zwieback cracker crumbs
1287,raisin bran cereal
1288,bakers
1289,orange peel chopped
1290,peanut candy eg Baby
1291,crispy corn rice cereal
1292,cocoa mix
1293,pearl sugar
1294,juice concentrate
1295,crispy peanut butter candy Butterfinger 
1296,caramels Chipits®
1297,pineapple mix
1298,ground seeds
1299,tomato juice
1300,lime extract
1301,vanilla
1302,ground cherries
1303,crispy peanut butter candy
1304,shells
1305,vanilla pudding
1306,peanut butter cookie mix
1307,lemon curd
1308,infant cereal
1309,wheat cereal
1310,pumpkin pie filling
1311,liquid baker chocolate
1312,wheat bread
1313,pancake mix
1314,apple cinnamon granola
1315,maple sugar
1316,brewers
1317,beef broth
1318,graham cracker
1319,packets strawberries cream instant oatmeal
1320,cherry preserves
1321,soy margarine
1322,fat lemon yogurt
1323,gluten mix
1324,mocha mint coffee powder
1325,mint chocolate chips
1326,mini peppermint patties
1327,chocolate candy kisses stripes
1328,caramel dip
1329,aspartame sweetener
1330,karat gold dust
1331,chocolate milk
1332,plum preserves
1333,sugarless raspberry jam
1334,raisin paste
1335,raisin juice concentrate
1336,pineapple preserves
1337,chicken baby food
1338,glue
1339,tahini
1340,rigatoni pasta
1341,macaroni
1342,cubed food
1343,chorizo sausage
1344,basil leaves
1345,linguini pasta
1346,tomatoes juice
1347,seashell pasta
1348,elbow macaroni
1349,head cauliflower
1350,peppers
1351,vine tomatoes
1352,mint leaves
1353,scallops
1354,rice noodles
1355,dash soy sauce
1356,filets
1357,lasagne noodles
1358,cavatelli pasta
1359,kalamata olives
1360,pepperoncini
1361,tuna
1362,goat cheese
1363,arugula
1364,bone chicken breast
1365,chili oil
1366,capellini pasta
1367,head broccoli
1368,tuna steaks
1369,walnut pieces
1370,dill pickles
1371,lentil soup
1372,ditalini pasta
1373,pinch pepper
1374,beef sausage
1375,cheese ravioli
1376,roma tomatoes
1377,chive onion cream cheese
1378,fluid wine
1379,portobello mushrooms
1380,pesto
1381,basil pesto sauce
1382,bean sprouts
1383,basil pesto
1384,fusilli pasta
1385,perciatelli pasta
1386,spread jalapenos
1387,cherry peppers
1388,clams juice
1389,flounder fillets
1390,fat
1391,chicken breasts
1392,tortellini
1393,tomatoes oil
1394,whole tomatoes liquid
1395,bay scallops
1396,stalks celery tops
1397,pinch cayenne
1398,prawns
1399,sausage links
1400,leaves basil
1401,pancetta bacon
1402,florets
1403,medium shrimp
1404,clam juice
1405,clams
1406,tomatoes liquid
1407,pumpkin seeds
1408,pasta sheets
1409,sorrel
1410,sprigs dill
1411,pasta shells
1412,tomato puree
1413,homemade bechamel sauce
1414,pinch thyme
1415,orzo pasta
1416,pint ricotta cheese
1417,manicotti shells
1418,clam sauce
1419,tri color spiral pasta
1420,beef stock
1421,ground veal
1422,shell
1423,bow tie pasta
1424,spiral pasta
1425,pinches soda
1426,corkscrew pasta
1427,spaghetti sauce
1428,bay shrimp
1429,spaghetti mix
1430,gravy
1431,chicken ramen noodles
1432,spinach leaves
1433,grape clusters
1434,manicotti pasta
1435,imitation crabmeat
1436,vinaigrette salad
1437,orange bell
1438,tamari
1439,zesty
1440,style pasta sauce
1441,pasta assortment
1442,pinch basil
1443,tomato basil pasta sauce
1444,low-sodium juice cocktail
1445,beef neck bones
1446,linguine
1447,cream pumpkin soup
1448,boneless chicken
1449,poblano chile pepper
1450,d'autumn leaves pasta
1451,cube beef bouillon
1452,dashes sauce
1453,mostaccioli pasta
1454,pinch salt pepper
1455,flank steak
1456,spears
1457,pinch sage
1458,spicy sausage
1459,ounce baby clams
1460,salad shrimp
1461,cider
1462,crab meat
1463,leaves choy
1464,cubes beef bouillon cube
1465,iceberg lettuce
1466,macaroni cheese
1467,sausages
1468,rainbow radiatore pasta
1469,portabello mushrooms
1470,cranberry beans
1471,broccoli carrots
1472,tomato pasta sauce
1473,chocolate cookie crumb crust
1474,mulberries
1475,cantaloupe
1476,dish pie crust
1477,instant potato flakes
1478,blend
1479,tomatillo
1480,kiwi
1481,cooking tapioca
1482,recipe crust pie
1483,milk chocolate almonds
1484,passion fruits
1485,serve ready-made chocolate pudding
1486,elderberries
1487,pastry shell
1488,shell clams
1489,round steak
1490,fluid kirschwasser
1491,vanilla wafer crust
1492,gooseberries
1493,chocolate fudge mix
1494,creme cacao
1495,shortbread cookies
1496,strawberry yogurt
1497,pastry inch dish pie
1498,butter beans
1499,bitters
1500,caramel squares
1501,chocolate sprinkles jimmies
1502,inch pie crust
1503,limeade concentrate
1504,espresso
1505,sheets
1506,strawberry
1507,mini candy chocolate pieces
1508,wafer crust
1509,sweet peppers
1510,avocado pulp
1511,huckleberries
1512,watermelon Jell-O®
1513,watermelon
1514,tart crust
1515,pints raspberries
1516,pie crust mix
1517,style cream cheese pineapple
1518,peach Jell-O® mix
1519,cling peaches
1520,nectarines
1521,currant
1522,pints blueberries
1523,coarse sugar
1524,blackberry brandy
1525,beef tenderloin
1526,beef kidney
1527,graham cracker pie crust
1528,peach glaze
1529,calorie
1530,medium sugar pumpkin
1531,egg custard mix
1532,custard powder
1533,inch pie crusts
1534,plum tomatoes
1535,mint chocolate chip ice cream
1536,Jell-O®
1537,pork tenderloin
1538,salt pork
1539,pinto beans juice
1540,lowfat coconut yogurt
1541,puff pastry sheets
1542,pureed prunes
1543,pink grapefruit
1544,pignoli nuts
1545,beef bouillon granules
1546,baking mix
1547,medium stalks
1548,pickle juice
1549,sorghum
1550,cook vanilla pudding
1551,sugar cookie dough
1552,medium head
1553,russet potatoes
1554,pinches ground
1555,chocolate liqueur
1556,fluid banana liqueur
1557,jicama
1558,watermelon rind
1559,cubed lamb
1560,bourbon whiskey
1561,cubes ice
1562,marshmallow cream
1563,curd cottage cheese
1564,squid
1565,steaks
1566,fines herbs
1567,salmon steaks
1568,cream shrimp soup
1569,cubed potatoes
1570,cod fillets
1571,halibut
1572,parts
1573,file powder
1574,stock
1575,sole
1576,clams shell
1577,sprigs marjoram
1578,cut dice
1579,Arborio rice
1580,pinch saffron
1581,mussels
1582,tuna steaks inch thick
1583,hickory wood chips
1584,cod
1585,snapper fillets
1586,pinch marjoram
1587,haddock fillets
1588,halibut fillets
1589,mahi mahi fillets
1590,dash food coloring
1591,spinach fettuccine pasta
1592,salmon liquid
1593,shark fillets
1594,crawfish tails
1595,chorizo
1596,pods peas
1597,lobster tails
1598,portobello mushroom
1599,clove garlic
1600,coarse salt
1601,wedges
1602,rainbow trout
1603,snapper
1604,sprigs parsley fennel
1605,anchovy paste
1606,tails heads
1607,sea bass fillets
1608,round bread
1609,papaya
1610,sea scallops
1611,catfish
1612,leaves
1613,ears corn
1614,bratwurst
1615,dogs
1616,sprig fennel leaf
1617,sea bass
1618,pinch saffron threads
1619,pink salmon
1620,medium onion
1621,lobster meat
1622,garlic mushroom soup mix
1623,crawfish
1624,cut wedges
1625,sprigs thyme
1626,tiger prawns
1627,jalapeno
1628,hamburger buns
1629,pepper linguine
1630,wonton wrappers
1631,julienne celery
1632,potato rounds
1633,venison
1634,beef chuck
1635,pearl barley
1636,Northern beans
1637,cube bouillon
1638,beef stew meat
1639,cubes beef bouillon
1640,ham bone
1641,broccoli rabe
1642,lima beans
1643,halibut steaks
1644,ground venison
1645,turnip
1646,beef oxtail
1647,blade roast
1648,serrano chiles
1649,fennel greens
1650,country style mix
1651,style food
1652,baguette
1653,ham hocks
1654,tortillas strips garnish
1655,farina
1656,shoepeg corn
1657,celery flakes
1658,pork chops
1659,split peas
1660,twist macaroni
1661,lentils
1662,dill seed
1663,boneless pork loin
1664,chile salsa
1665,pint water
1666,chickpeas
1667,blend peppers onions celery parsley
1668,dash liquid
1669,shells shrimp
1670,salt herb
1671,pint half half cream
1672,cut beans liquid
1673,bologna
1674,habanero peppers
1675,peeled
1676,beef soup bones
1677,medium potato
1678,rice mix
1679,meatballs
1680,cream asparagus soup
1681,tortellini pasta
1682,spinach pasta
1683,cannellini beans liquid
1684,tomatillos
1685,medium head bok choy
1686,beef ramen noodles
1687,cilantro sprigs
1688,kidney beans liquid
1689,corn tortilla chips
1690,chuck roast
1691,escarole
1692,gallon boiling water
1693,hominy
1694,celery leaves
1695,flakes
1696,shrimp consomme
1697,frankfurters
1698,medium eggplants
1699,medium salsa
1700,delicata squash
1701,fluid dark beer
1702,dark kidney beans
1703,bone chicken pieces
1704,pinch dill weed
1705,kaffir lime leaves
1706,galangal
1707,chile padi
1708,tom soup paste
1709,pork spareribs
1710,tomato juice cocktail
1711,meaty beef soup bones
1712,leaves spinach
1713,tofu
1714,pinch curry powder
1715,kielbasa sausage
1716,ground peanuts
1717,dashi granules
1718,miso paste
1719,juice cocktail
1720,chicken skin
1721,pork skins
1722,pig s feet
1723,chile pepper pods
1724,baby shrimp
1725,shoots
1726,kale
1727,fluid tomato juice
1728,chili mix
1729,brown lentils
1730,sprig thyme leaves
1731,fenugreek seeds
1732,saffron threads
1733,honeycomb tripe
1734,callaloo spinach
1735,salt beef
1736,vermouth
1737,curry
1738,tamarind concentrate
1739,bamboo shoots
1740,crab roe
1741,cumin seed
1742,beef brisket
1743,dashes bitters
1744,pinch ground allspice
1745,medium beets
1746,zucchini chunks
1747,pint clams
1748,tomato clam juice cocktail
1749,sprig mint
1750,wood ear mushrooms
1751,tiger
1752,ginger liqueur
1753,lamb bones
1754,banana squash
1755,medium seashell pasta
1756,sprig parsley
1757,wrappers
1758,bunches cilantro
1759,ground breast
1760,New England clam chowder
1761,pints half half cream
1762,medium zucchini
1763,Cow® Light Creamy Swiss wedges
1764,sirloin steak
1765,style chili beans
1766,minestrone soup
1767,cilantro leaves
1768,acid powder
1769,sprigs mint
1770,pizza sauce
1771,Johnsonville® Cheese Style Chicken Sausage
1772,duck
1773,duck blood
1774,pork neck bones
1775,bread inch cubes
1776,sirloin tips
1777,veal knuckle
1778,mace
1779,ground liver
1780,rib steaks
1781,shrimp shells
1782,pork beans tomato sauce
1783,mild salsa
1784,petite peas
1785,barley flakes
1786,ground sirloin
1787,onion soup
1788,fluid cola beverage
1789,portabella mushrooms
1790,bouqet garni spice balls
1791,sauerkraut juice
1792,karengo
1793,roast chicken frame bones
1794,soup mix
1795,crab boil
1796,veal
1797,leaves cabbage
1798,beef shank
1799,taro
1800,joe sauce
1801,chili beans spicy sauce
1802,beefy mushroom soup
1803,peas carrots
1804,style bread
1805,russet potato
1806,navy beans
1807,bone meat
1808,pinch dill
1809,ham bone pork hocks
1810,beef onion soup mix
1811,rind
1812,pork butt
1813,succotash
1814,sodium salt
1815,adobo
1816,mixture
1817,spice
1818,sausage casings
1819,meaty ham bone ham hocks
1820,crab crabmeat
1821,crab claws
1822,meat
1823,venison stew meat
1824,corn posole
1825,bread stick dough
1826,Bing cherries juice
1827,ground cranberries
1828,miniature sugar pumpkins
1829,yams
1830,cherry Jell-O®
1831,cubed turkey
1832,head iceberg lettuce
1833,raisin bread
1834,neck
1835,tangerines
1836,ground turkey sausage
1837,turkey liver
1838,ham rind
1839,sangria
1840,berry cranberry sauce
1841,kumquats
1842,turkey neck giblets
1843,Champagne
1844,tangerine juice
1845,fruit cocktail juice
1846,winter squash
1847,tarragon vinegar
1848,cream chicken mushroom soup
1849,cranberry Jell-O® mix
1850,pepper juice
1851,medium baking potatoes
1852,style beans
1853,cornbread mix
1854,biscuits
1855,giblets
1856,pint oysters juice
1857,apricot halves juice
1858,sugar organic apple juice
1859,beets juice
1860,fluid lemon lime beverage
1861,fluid orange liqueur
1862,sweet bread
1863,heads lettuce
1864,pork beans
1865,bran cereal wheat germ
1866,pastry pie
1867,gallon sugar organic apple juice
1868,gallons oil frying
1869,pineapple yogurt
1870,peas onions
1871,fudge cookies
1872,chocolate candies e.g Rolo TM
1873,candy corn
1874,giblets turkey
1875,pre ham
1876,sausage oyster dressing
1877,oyster pieces liquid
1878,boiling onions
1879,Chardonnay wine
1880,chocolate shavings
1881,cumin seeds
1882,packet soup mix
1883,protein
1884,ranch
1885,kaiser rolls
1886,bulgur
1887,tempeh
1888,miso
1889,barley miso paste
1890,quinoa
1891,beans drain reserve liquid
1892,brown rice
1893,ground nuts
1894,cashew nuts
1895,pinch chili powder
1896,chili pepper
1897,ginger oil
1898,pea pods
1899,fluid prune juice
1900,pareve margarine
1901,round sourdough bread
1902,cheese tortellini
1903,medium eggplant
1904,seitan
1905,pinch asafoetida powder
1906,mustard seeds
1907,peanut walnut oil
1908,eggplants
1909,wheat noodles
1910,spinach stems
1911,hickory barbecue sauce
1912,chicken mix
1913,cannelloni noodles
1914,hominy grits
1915,bean soup
1916,chopped tomatoes puree
1917,kasha
1918,bunch radishes
1919,imitation bacon bits
1920,wheat tortillas
1921,pitas
1922,seasoning
1923,pigeon peas
1924,coconut cream
1925,tamarind pulp
1926,chickpea
1927,coriander seed
1928,garden herb tofu
1929,medium taco shells
1930,medium squash
1931,fish sauce
1932,mint
1933,grass bulb
1934,process cheese food
1935,poblano peppers
1936,burger style crumbles
1937,ripe tomato
1938,polenta
1939,Caesar-style salad
1940,sake
1941,bunches
1942,pints
1943,instant coffee powder
1944,chicken flavor
1945,Cheddar soup
1946,herb
1947,rock salt
1948,wheat crackers
1949,sweet chutney
1950,tamarind extract
1951,links sausage
1952,blackberry juice
1953,pepperoncini pepper
1954,peach pie filling
1955,creamy salad
1956,pimentos
1957,raspberry vinaigrette salad
1958,rice wine vinegar
1959,chunk chicken
1960,rotelle pasta
1961,oil olives
1962,garbanzo beans chickpeas
1963,romaine lettuce torn
1964,caraway seeds
1965,maple bacon
1966,nectarine
1967,heads butter lettuce
1968,seedless cucumbers
1969,water chestnuts strip
1970,medium sweet pickles
1971,wagon wheel pasta
1972,leaf lettuce
1973,honeydew melon
1974,orange yogurt
1975,nicoise olives
1976,lemon vinaigrette
1977,zesty dressing
1978,head napa cabbage
1979,dressing
1980,fat salad
1981,chicken rice mix e.g Rice A Roni
1982,cashew pieces
1983,coleslaw mix
1984,syrup pineapple
1985,romaine lettuce
1986,head leaf lettuce
1987,bunches spinach
1988,rainbow tortellini pasta
1989,slaw
1990,cubed cantaloupe
1991,guacamole
1992,cut asparagus
1993,turkey bacon
1994,fillets oil
1995,oil anchovies
1996,fajita seasoning
1997,cubed salami
1998,tri tortellini
1999,arugula leaves
2000,salt garlic herb blend
2001,chunks half
2002,non-dairy
2003,garlic croutons
2004,melba toast
2005,bunches radishes
2006,tuna water
2007,chicken breast skin
2008,bean salad
2009,tri pasta
2010,food cake cubes
2011,oil sun tomatoes
2012,bunch watercress
2013,asparagus spears
2014,pints blackberries
2015,poppyseed salad
2016,bunches watercress
2017,cubed watermelon
2018,bulb fennel
2019,acini di pepe pasta
2020,chicken ramen noodles packet
2021,beet
2022,island
2023,broccoli coleslaw mix
2024,rotelli pasta
2025,dashes powder
2026,oil vinegar salad
2027,ground turkey breast
2028,beet greens
2029,fennel
2030,medium head radicchio
2031,oyster mushrooms
2032,enoki mushrooms
2033,prunes prunes
2034,sprigs oregano
2035,sprig oregano
2036,star anise pods
2037,cardamom pods
2038,silken tofu
2039,ground bay leaves
2040,tenderloins
2041,portobello mushroom caps
2042,apple cider vinegar
2043,cut pork chops
2044,steaks thick
2045,baby pork ribs
2046,bread pieces split
2047,ears corn husks
2048,ice cubes
2049,beef sirloin steak
2050,meat tenderizer
2051,oyster mushroom caps
2052,chilies
2053,steak round steak
2054,beef tenderloin steaks
2055,bulb garlic
2056,bratwurst sausages
2057,bottles beer
2058,hoagie rolls
2059,steaks steak choice
2060,bottles beer choice
2061,honey teriyaki barbeque sauce
2062,dashes smoke flavoring
2063,honey bacon
2064,teriyaki marinade sauce
2065,coarse mustard
2066,fluid teriyaki sauce
2067,habanero pepper
2068,grape leaves
2069,oatmeal cookies
2070,corn cobs
2071,lamb chops
2072,beef sirloin steaks
2073,ground lamb
2074,breadcrumbs
2075,chili peppers
2076,pork baby ribs
2077,sirloin
2078,salt herb blend
2079,bread round
2080,egg roll wrappers
2081,roast
2082,beef tenderloin roast
2083,sprigs watercress
2084,onion mushroom soup mix
2085,boneless round steak
2086,beef sirloin roast
2087,brown mix
2088,rib eye steaks
2089,sirloin tip
2090,veal shank
2091,round
2092,smoke flavoring
2093,tip round roast
2094,packet spaghetti mix
2095,beef chuck roast
2096,grape
2097,filet mignon
2098,beef roast
2099,beef tongue
2100,rye bread
2101,calves livers
2102,herb lemon soup mix
2103,beef bouillon cube
2104,pork shoulder
2105,boneless loin pork roast
2106,pork steak
2107,boneless pork chops
2108,peach syrup
2109,pork medallions
2110,roll wrappers
2111,pork shoulder intact
2112,bone pork roast
2113,stuffed olives
2114,medium onions
2115,kielbasa
2116,country style pork ribs
2117,thick pork chops
2118,plum jam
2119,cherry soda
2120,tenderloin
2121,butt roast
2122,chops
2123,juniper berries
2124,spicy pork sausage links
2125,kohlrabi
2126,ground coriander
2127,pig s tail
2128,pig s ears
2129,peach preserves
2130,collard greens
2131,style bacon
2132,grain bread
2133,leg size pieces
2134,light kidney beans
2135,calrose rice
2136,barbeque
2137,cut pork loin chops
2138,taco shells
2139,nectar
2140,pretzel bits
2141,slim pretzels
2142,fluid tomato chili sauce
2143,mango slices
2144,chicken liver
2145,bean bacon soup
2146,onion dip mix
2147,bread pockets
2148,chervil
2149,jalapeno cheese dip
2150,cheese salad
2151,cocktail rye bread
2152,dashes
2153,cocktail sauce
2154,fruit cocktail fine
2155,style sauerkraut
2156,pastrami
2157,dill pickles strips
2158,fluid gin
2159,fluid vermouth
2160,olive
2161,fluid juice
2162,fluid bitters
2163,twist lemon zest
2164,fluid whiskey
2165,sweet mix
2166,fluid bourbon
2167,maraschino cherry
2168,dash grenadine syrup
2169,fluid cranberry juice
2170,wedge lime
2171,grapefruit soda
2172,ginger ale
2173,nopales
2174,kosher dill pickles
2175,beef luncheon meat
2176,onion juice
2177,tomato chili sauce
2178,maple roll sausage
2179,dry
2180,mung bean sprouts
2181,imitation coconut extract
2182,smokie sausages
2183,fluid light rum
2184,passion fruit syrup
2185,fluid proof rum
2186,pizza crust dough
2187,envelopes gelatin
2188,ground salt pork
2189,truffle
2190,fettuccini pasta
2191,butterscotch extract
2192,pizza crust mix
2193,carrots juice
2194,potatoes juice
2195,alphabet pasta
2196,annatto achiote powder
2197,annatto powder
2198,Brie cheese
2199,dinner rolls
2200,sauteed mushrooms
2201,Acesulfame Potassium sweetener
2202,chocolate peanut butter candy
2203,low-fat milk
2204,cream cheese inch cubes
2205,serrano chile peppers
2206,linguica
2207,chourico pork sausage
2208,cook vanilla mix
2209,seed oil
2210,roast beef
2211,crumbles
2212,chocolate puff cereal
2213,hock
2214,dill pickle juice
2215,cereal
2216,tortilla
2217,food cake mix inch round cake pan
2218,scotch bonnet chile peppers
2219,spread bacon
2220,chicken rice soup
2221,bread crumbs matzo meal
2222,fresh mushrooms
2223,cannelloni pasta
2224,wheat barley nugget cereal Grape-Nuts
2225,cheese salad mix
2226,kirsch
2227,mini phyllo shells
2228,pastini
2229,veal stock
2230,portobello mushroom cap
2231,deli breast meat
2232,deli ham
2233,fluid lime juice
2234,margarita mix
2235,mandarin oranges liquid
2236,cherry liqueur
2237,ground espresso beans
2238,beef tripe
2239,bearnaise sauce
2240,farfalle tie pasta
2241,lukewarm apple juice
2242,asparagus tips
2243,steak cut cubes
2244,fluid non dairy creamer
2245,strawberry cream cheese
2246,strawberry daiquiri mixer
2247,gallon raspberry ice cream
2248,raspberry syrup
2249,tips
2250,cubed beef
2251,ale
2252,fat sodium beef broth
2253,sprig rosemary
2254,sticks butter
2255,cream wheat cereal
2256,dash flour
2257,almond meal
2258,bean dip
2259,chicken spread
2260,chocolate coating wafers
2261,bread flour
2262,bechamel sauce
2263,fluid tomato juice cocktail
2264,peel mandarin orange
2265,carp
2266,bay sea scallops
2267,style blend
2268,spicy mix
2269,beef chuck steaks
2270,bone-in ham
2271,herb cheese
2272,creamer
2273,torn
2274,plum tomato
2275,sodium
2276,chicken drumettes
2277,tortilla chip crumbs
2278,radicchio
2279,grapeseed oil
2280,turkey breast
2281,gherkin pickles
2282,caramel apple circle
2283,spaghetti squash
2284,ground meat turkey
2285,sodium soy sauce
2286,fluid frozen fruit punch
2287,mango chutney
2288,beef round steak
2289,extract
2290,ground breakfast sausage
2291,juice oranges
2292,calorie chocolate cake mix
2293,rancherito cheese
2294,ham base
2295,braunschweiger liverwurst
2296,almond buttercrunch confection
2297,chocolate brownie pecans
2298,tagliatelle
2299,semisweet chocolate curls
2300,hickory nuts
2301,bok choy
2302,coconuts
2303,pomegranate pulp
2304,onion flakes
2305,graham cracker crust chocolate
2306,chocolate hazelnut spread
2307,cheese room temperature
2308,pastry crust inch pie
2309,packets mix
2310,pureed mango
2311,cherry pie filling flavor choice
2312,gallons water
2313,gallon vodka
2314,cut bacon
2315,beef suet
2316,bulgur wheat
2317,baby portobello mushrooms
2318,colaciones candies
2319,stick butter
2320,thick cheese
2321,packet aspartame sweetener
2322,peas liquid
2323,hearts
2324,matzo farfel
2325,matzo crackers
2326,soda bread
2327,cauliflower broccoli
2328,cherries liquid
2329,strawberries syrup liquid
2330,oyster crackers
2331,fat ricotta cheese
2332,mochi squares
2333,sheet nori
2334,cracker crumbs
2335,bunches greens
2336,shells pastry
2337,gallon lime sherbet
2338,raspberry juice
2339,boneless lamb shoulder
2340,egg roll wrappers half rectangles
2341,matzo cracker
2342,cotechino
2343,gold leaf
2344,pot roast
2345,kosher chocolate wafers
2346,cardamom seeds
2347,bunch spinach torn
2348,oil vinaigrette dressing
2349,ground paprika
2350,basmati rice
2351,eye round
2352,spicy corn chips
2353,dashes pepper
2354,cheese basil tomato
2355,drops
2356,jellyrolls cut slices
2357,beef gravy
2358,chili paste
2359,wine vinegar salad
2360,instant potatoes
2361,mint garnish
2362,eye round roast
2363,apples choice
2364,gorgonzola cheese
2365,cut boneless pork chops
2366,beef ribs
2367,rump roast
2368,rolls
2369,bacon grease
2370,liters soda
2371,bar mix
2372,onion rolls
2373,dash onion powder
2374,frosting
2375,strawberry glaze
2376,beef filet
2377,shoe peg corn
2378,boneless beef roast
2379,cranberry bread mix
2380,boneless turkey roast
2381,beef sirloin
2382,premium bourbon
2383,adobo sauce chipotle peppers
2384,sirloin steaks
2385,onion rings
2386,packet onion soup mix
2387,dashi kombu kelp
2388,bonito shavings
2389,squares
2390,naruto
2391,beef brisket spice packet
2392,drops candy oil
2393,choice
2394,crackers
2395,dash almond extract
2396,bread mix packet
2397,beef tamales
2398,banana pepper juice
2399,beef mix
2400,cut pork steaks
2401,sirloin broil
2402,cherry peppers juice
2403,chunky pasta sauce
2404,stew meat
2405,crispy chow mein noodles
2406,rotini/corkscrew pasta
2407,head broccoli florets
2408,ramen pasta
2409,bunch kale
2410,chopped walnuts
2411,beef soup
2412,medium apples
2413,tip roast
2414,beef skirt steak
2415,orange Jell-O®
2416,orange sherbet
2417,wheat germ wheat breadcrumbs
2418,medium carrots
2419,packet tomato soup mix
2420,hearts palm
2421,breast
2422,peach mango chutney
2423,ground curry powder
2424,kernel corn drain reserve liquid
2425,jalapeno spread
2426,pumpernickel party bread
2427,salad macaroni
2428,kiwi fruit
2429,chickpeas beans
2430,cream style sauce
2431,porterhouse steak
2432,steak seasoning
2433,anise seeds
2434,head romaine lettuce torn
2435,shell pasta
2436,bread water
2437,rice milk
2438,crusts
2439,pre corn kernels
2440,medium mozzarella cheese
2441,boneless ham
2442,loin roast
2443,sauerkraut liquid
2444,crescent roll dough
2445,honey barbecue sauce
2446,chicken tenderloins thirds
2447,sauce mix
2448,bottom round
2449,berry fruit juice
2450,berries
2451,muffin mix
2452,fluid chili sauce
2453,beef cocktail wieners
2454,cardamom pod
2455,chunky peanut butter
2456,top sirloin
2457,medium head escarole
2458,pimento stuffed olives
2459,Alfredo sauce egg noodles
2460,curry paste
2461,walnuts pecans
2462,fillet
2463,spicy mustard
2464,herb feta
2465,day baguette
2466,shallot
2467,chili beans liquid
2468,kernel corn liquid
2469,jalapeno salsa
2470,pure maple syrup
2471,herb spice blend
2472,tilapia
2473,corn flake cereal
2474,burger patties
2475,pork sausage links
2476,Alfredo sauce mix
2477,gingersnaps
2478,relish
2479,nonfat milk
2480,honey mustard sauce
2481,coarse kosher salt
2482,pastry crust pie
2483,plantain
2484,heat sweetener
2485,skinless boneless breast halves
2486,lemon pudding mix
2487,tomato pepper sauce
2488,vinegar pepper sauce
2489,sandwich bread
2490,imitation crab legs
2491,burger crumbles
2492,gallon pineapple sherbet
2493,liter lemon lime beverage
2494,pork butt roast
2495,bagels
2496,coriander seeds
2497,chicken meat
2498,semisweet chocolate chips goodies
2499,pepper jack cheese
2500,ton wrappers
2501,vanilla milk
2502,ground flax seed
2503,tomato mix
2504,crispy wheat cereal squares
2505,tater tots
2506,liver pate
2507,homemade beef gravy
2508,pizza dough
2509,self cornmeal
2510,salmon steak
2511,pan drippings
2512,wood chips
2513,grain cereal
2514,fajita
2515,breast halves skin bone
2516,meaty beef roast bone
2517,herb soup mix
2518,steak rub
2519,servings dogs
2520,seedless watermelon
2521,joe
2522,rise yeast
2523,bocconcini
2524,wasabi
2525,style cheese
2526,tomatoes chiles
2527,chunky applesauce
2528,onions tops
2529,cheese mix
2530,yellow bell peppers
2531,pinch ground coriander
2532,Danish dessert mix e.g Junket
2533,rib eye roast
2534,non milk powder
2535,medium heads cabbage
2536,day bread crumbs
2537,raisins currants
2538,serrano chilis
2539,jalapeno chile pepper
2540,ground cashews
2541,pepper rings
2542,daikon
2543,lowfat milk
2544,dash vinegar pepper sauce
2545,chicken halves
2546,chicken lengthwise
2547,honey skinless
2548,pita bread
2549,pork chops size pieces
2550,boil
2551,crabs
2552,pint orange sherbet
2553,turkey carcass
2554,chocolate graham crackers
2555,grain rice mix
2556,dill pickle slices
2557,flax seeds
2558,strips style bacon
2559,envelopes mocha cappuccino mix
2560,durum wheat flour
2561,chicken rice soup mix
2562,poblano chile peppers
2563,cooking barley
2564,vegetables liquid
2565,baby kernel corn liquid
2566,cracker meal
2567,recipes pie shells
2568,mild curry powder
2569,zucchini squashes
2570,lamb
2571,celery tops
2572,sprigs spearmint
2573,mint apple
2574,panko bread crumbs
2575,NESTLE® TOLL HOUSE® Semi-Sweet Chocolate Morsels
2576,NESTLE® TOLL HOUSE® Premier White Baking Chocolate
2577,mango nectar
2578,fluid coconut rum
2579,fluid grenadine syrup
2580,fluid orange juice
2581,fluid pineapple juice
2582,NESTLE® TOLL HOUSE® Semi-Sweet Chocolate-Covered Raisins
2583,pierogies
2584,NESTLE® TOLL HOUSE® Chocolate Baking Bar pieces
2585,orange beans
2586,chickens cut pieces
2587,ORTEGA® Whole Jalapenos
2588,balsamic cider vinegar
2589,pork tenderloin cut cubes
2590,ORTEGA® Diced Green Chiles
2591,breast halves
2592,ORTEGA® Garden Style Salsa
2593,Tostada Shells
2594,round steak cut strips
2595,wheat barley cereal
2596,roast pork
2597,candy
2598,round dumpling skins
2599,honeydew
2600,beef steaks
2601,ORTEGA® Thick Chunky Salsa
2602,bell strips
2603,NESTLE® TOLL HOUSE® Milk Chocolate Morsels
2604,pork chorizo casings
2605,NESTLE® TOLL HOUSE® Semi-Sweet Chocolate Chunks
2606,pastries lattice top pies
2607,coconut cream mix
2608,root
2609,caramel frosting
2610,ORTEGA® Burrito Seasoning Mix
2611,ingredient suggestions
2612,chicken tenders strips
2613,cheese sauce
2614,recipe cream
2615,ORTEGA® Enchilada Sauce
2616,packet hollandaise sauce mix
2617,ground carrots
2618,food color
2619,beef chicken broth
2620,chopped carrots
2621,NESTLE® TOLL HOUSE® Choco Bake Chocolate Flavor
2622,plantains
2623,spoon size wheat cereal
2624,ORTEGA® Taco Seasoning mix
2625,sirloin cut strips
2626,medium bell peppers
2627,wasabi powder
2628,NESTLE® TOLL HOUSE® Premier White Baking Chocolate pieces
2629,NESTLE® TOLL HOUSE® Premier White Morsels
2630,lemon lime juice
2631,Taco Shells broken
2632,recipes pastry inch pie
2633,recipe ready tomatoes
2634,ORTEGA® Refried Beans
2635,cherries syrup
2636,creme cassis liqueur
2637,snapper halibut fillets
2638,lime wedges
2639,Taco Shells pieces
2640,suggestions cream
2641,fluid chicken broth
2642,chipotle chile adobo sauce
2643,pinch kosher salt
2644,stir fry sauce
2645,beef cube steak
2646,ORTEGA® Taco Seasoning Mix
2647,Taco Shells
2648,sugar cube
2649,pudding mix
2650,sugar strawberry glaze
2651,feta cotija cheese
2652,ORTEGA® Whole Green Chiles strips
2653,nondairy
2654,fava beans
2655,NESTLE® CARNATION® Evaporated Milk
2656,boneless center cut pork loin chops
2657,plum sauce
2658,tapioca starch
2659,ham hock
2660,malt vinegar
2661,spaghetti pieces
2662,cube steak
2663,head iceberg
2664,raspberries juice
2665,helix snails
2666,watercress garnish
2667,ripe avocado
2668,ground bay leaf
2669,sheets puff pastry
2670,plum vinegar
2671,cubed ham
2672,boneless pork roast
2673,carrot strips
2674,dash celery seed
2675,pork hocks
2676,strips
2677,buttermilk biscuit mix
2678,pickle relish
2679,grain mustard
2680,sherry vinegar
2681,head butterhead lettuce
2682,bran flakes cereal raisins
2683,roll mix
2684,chicken cut size pieces
2685,applesauce baby food
2686,light
2687,fluid root beer
2688,sauteed onion
2689,fruit cocktail syrup
2690,gluten flour
2691,almond oil
2692,raspberry sauce
2693,butterscotch topping
2694,fudge brownie mix
2695,pastry
2696,millet flour
2697,mozzarella
2698,wine cooler
2699,ground chile powder
2700,brine
2701,imitation vanilla butter nut flavor
2702,marlin
2703,tapenade
2704,NESTLE® TOLL HOUSE® Butterscotch Flavored Morsels
2705,NESTLE® TOLL HOUSE® Semi-Sweet Chocolate Mini Morsels
2706,maple flavoring
2707,stew beef
2708,dog
2709,alfalfa sprouts
2710,meat round steak
2711,date bread mix
2712,boneless beef cut cubes
2713,waffle
2714,liquid egg substitute
2715,dill pickle
2716,protein flour
2717,dash ground nutmeg
2718,wheat cereal biscuits
2719,miniature peanut butter
2720,linguini
2721,crab
2722,turkey kielbasa inch slices
2723,style tomatoes
2724,fruit preserver
2725,soybeans
2726,fruit mix
2727,soy milk powder
2728,orange roughy fillets
2729,pre meat
2730,bunch onion
2731,hash browns
2732,pinches oregano
2733,pinches ground pepper
2734,Colby-Monterey Jack cheese
2735,onion dip
2736,banana peppers
2737,sourdough bread
2738,ripe kumquats
2739,vacuum corn
2740,spinach noodles
2741,lemonade mix powder
2742,licorice
2743,chocolate extract
2744,fluid lemonade
2745,fluid ginger ale
2746,tea mix
2747,chocolate candy
2748,freeze chives
2749,zucchini summer squash
2750,lamb stew meat
2751,pork stew meat
2752,bunch chives
2753,head savoy cabbage
2754,caramel milk chocolate candy bar
2755,packet sweetener
2756,pre drink mix
2757,fudge stripe cookies
2758,thawed
2759,medium russet potatoes
2760,butterscotch ice cream topping
2761,dill pickle spear
2762,squirrels
2763,chile powder
2764,cornbread crumbs
2765,dog buns
2766,pheasant
2767,lamb shank
2768,links links
2769,beef frankfurters
2770,sirloin beef cut cubes
2771,Alfredo sauce
2772,shanks
2773,ground sausage
2774,shrimp ramen noodles
2775,chicken soup mix
2776,turkey meat
2777,boneless lamb meat cut strips
2778,turkey thighs
2779,beef sausage inch slices
2780,venison roast
2781,cheese crackers
2782,honey turkey breast
2783,leaves leaf lettuce
2784,wheat bulgar
2785,rice garlic vinegar
2786,coarse sea salt
2787,boil bag rice
2788,niblet style corn
2789,balsamic vinegar
2790,potatoes gratin
2791,chicken gizzards
2792,fluid dark rum
2793,fluid peach schnapps
2794,fluid apple schnapps
2795,fluid apple juice
2796,fluid coconut liqueur
2797,fluid apple jack
2798,dash
2799,fluid melon liqueur
2800,twists
2801,fluid espresso coffee
2802,chocolate mix
2803,drink mix powder
2804,fluid triple sec liqueur
2805,liter ginger ale
2806,gallon orange sherbet
2807,orange spice tea bags
2808,fluid watermelon syrup
2809,fluid half half cream
2810,coconut rum
2811,grenadine syrup
2812,fluid pineapple orange banana juice
2813,fluid tequila
2814,lemonade
2815,drink mix
2816,citron vodka
2817,fluid pink lemonade
2818,ripe cantaloupe
2819,liter water
2820,gallon raspberry sorbet
2821,peach nectar
2822,pints vanilla ice cream
2823,vanilla beans
2824,bottles beverage
2825,raspberry cream soda
2826,raspberry
2827,pint rainbow sherbet
2828,pint lemon sherbet
2829,fluid absinthe
2830,cubes sugar
2831,berry vodka
2832,strawberry sorbet
2833,cake cubes
2834,port wine mix
2835,crispy peanut butter bar
2836,lemon peels
2837,orange peels
2838,chocolate chip cookies
2839,size bars chocolate caramel nougat
2840,chocolate cookie bars
2841,round chocolate cake layers
2842,caramel
2843,coffee ice cream
2844,chocolate toffee bars frozen
2845,demerara sugar
2846,firm bananas
2847,sugar lemon Jell-O®
2848,fluid strawberry beverage
2849,cappuccino coffee powder
2850,strawberry Jell-O® mix
2851,bone chicken breasts
2852,fluid sauce
2853,honey mustard salad
2854,food cake mix loaf pan
2855,size cheese crackers
2856,pints gin
2857,tray ice cubes
2858,gluten
2859,peppermint oil
2860,icing
2861,layer
2862,spinach tortellini
2863,firm tofu strips
2864,pinch basil leaves
2865,pinch tarragon
2866,fettuccini noodles
2867,milk water
2868,cannelloni pasta shells
2869,mostaccioli
2870,rotini corkscrew pasta
2871,potato cheese pierogies
2872,spaghettini
2873,tri-color rotini pasta
2874,chunky style spaghetti
2875,ground tomatoes paste
2876,pork meat
2877,ramen noodles packet
2878,process cheddar cheese singles
2879,tuna oil
2880,cheese dip
2881,pint chocolate ice cream
2882,packet leek soup mix
2883,cherry mix powder
2884,dish pie shell
2885,chocolate shell
2886,herb garlic cream cheese
2887,links
2888,kingfish
2889,mackerel fillets
2890,crab legs shell
2891,sushi rice
2892,wasabi paste
2893,mullet
2894,tiger prawns shell
2895,flounder
2896,grouper fillets
2897,drippings
2898,meal
2899,fruit yogurt
2900,pint cherry tomatoes
2901,Merlot wine
2902,calves brains
2903,kielbasa sausage inch pieces
2904,spinach dip
2905,breadstick dough
2906,ears corn kernels
2907,Parmesan cheese
2908,kippers herring
2909,drops sauce
2910,pork link sausage
2911,alligator meat
2912,chocolate sprinkles
2913,heads cabbage
2914,lychees
2915,coconut syrup
2916,honey barbeque sauce
2917,gallon orange soda
2918,chicken chunks
2919,imitation crab meat
2920,lychee fruit juice
2921,rabbit meat
2922,metal skewer
2923,pasta choice
2924,luncheon meat e.g Spam
2925,fluid apricot brandy
2926,fluid fruit punch
2927,fluid pina colada mix
2928,grape juice concentrate
2929,blood orange
2930,lemonade mix
2931,sausage sticks
2932,bread crusts
2933,bottom round roast
2934,broccoli cheese rice mix
2935,turkey breakfast sausage
2936,dog links
2937,spinach dry
2938,fluid bourbon whiskey
2939,fluid triple sec
2940,fluid limeade concentrate
2941,mustard mayonnaise blend
2942,coconut pineapple juice
2943,peanut butter cookies
2944,dash dry vermouth
2945,corn bread muffin mix
2946,cream corn
2947,cake flour
2948,grapefruit
2949,proof rum
2950,Chianti wine
2951,scoops vanilla ice cream
2952,sprig fresh dill
2953,bunches onion
2954,sweet sherry
2955,stout beer
2956,passion fruit concentrate
2957,pint whiskey
2958,cherry juice concentrate
2959,ginger ale soda
2960,fluid light cream
2961,fluid cachaca
2962,simple syrup
2963,pandan leaves
2964,liter ginger ale soda
2965,watermelon flesh
2966,sugar curing mixture
2967,spread jalapeno
2968,star anise pod
2969,curry leaves
2970,tamarind juice
2971,serviceberries
2972,pint vanilla yogurt
2973,pint raspberry sherbet
2974,pint lime sherbet
2975,butter sandwich cookies chocolate filling Pepperidge Farm Milano
2976,raspberry pie filling
2977,sprigs cilantro leaves
2978,Campari
2979,fluid grapefruit juice
2980,mocha cappuccino mix
2981,passion fruit juice
2982,loaf sourdough bread
2983,fat granola
2984,fluid cream liqueur
2985,steak spice mix
2986,banana liqueur
2987,chicken breast cut size pieces
2988,gallon mayonnaise
2989,potato chip crumbs
2990,liters apple juice
2991,sports drink
2992,liter lime soda
2993,bread rounds
2994,lemon sherbet
2995,scoops punch mix powder
2996,liters water
2997,fluid raspberry liqueur
2998,kiwifruit syrup
2999,drop peppermint extract
3000,liquid sourdough starter
3001,cutlets
3002,tomatillo salsa
3003,veal cutlets
3004,beef hash
3005,vegan
3006,sec liqueur
3007,York strip steaks inch thick
3008,pineapple fruit preserves
3009,raspberry concentrate
3010,fluid butterscotch schnapps
3011,fluid peach daiquiri mix
3012,scoop vanilla ice cream
3013,malt liquor
3014,ripe peaches
3015,plain popcorn
3016,fluid coconut cream
3017,maraschino cherries juice
3018,lemon grass
3019,liquid non dairy creamer
3020,drop vanilla extract
3021,dash pepper
3022,chocolate coffee bean
3023,baguettes
3024,hickory smoke
3025,pineapple sorbet
3026,raspberry sherbet
3027,tea bags
3028,cherry drink mix
3029,fluid lemon rum
3030,fluid champagne
3031,fluid citrus soda
3032,chocolate almond liqueur
3033,gallon dry wine
3034,fluid orange bitters
3035,liters ale
3036,gallon raspberry sherbet
3037,chicken gumbo soup
3038,cooking oil
3039,raisin nut bran cereal
3040,spears asparagus
3041,fluid citron vodka
3042,fluid blanc
3043,ground pork breakfast sausage
3044,dash garlic salt
3045,artichoke hearts liquid
3046,drops vanilla extract
3047,garbanzo beans liquid
3048,oatmeal
3049,year egg
3050,ramen pasta flavor packet
3051,liters ale soda
3052,jalapeno peppers liquid
3053,peach juice concentrate
3054,gallon cranberry juice
3055,ground spicy pork sausage
3056,gallon chocolate ice cream
3057,sprig cilantro leaves
3058,popcorn kernels
3059,ground pork liver
3060,dash ground pepper
3061,strips celery
3062,rell bell
3063,thick baguette
3064,strawberry Jell-O® sugar
3065,achiote seed
3066,apple preserves
3067,bran cereal raisins
3068,noodles mix
3069,bread inch slices
3070,pork shoulder roast
3071,medium bell
3072,plain buttermilk doughnut
3073,salt butterfish
3074,leaves leaves
3075,taro leaves
3076,envelope soup mix
3077,ground thyme
3078,stalks celery leaves
3079,punch mix powder
3080,jalapeno cream cheese
3081,spread
3082,bread half
3083,boil lasagna noodles
3084,goat s milk
3085,chicken FriChik
3086,feta
3087,sucrolose sweetener
3088,chocolates
3089,tails
3090,boneless pork ribs
3091,chunks potatoes
3092,ramen noodles vegetables
3093,dessert tofu
3094,peach
3095,drum
3096,egg replacer
3097,cream substitute
3098,mustard-mayonnaise blend
3099,cranberry juice cocktail
3100,orange pekoe tea bags
3101,fluid proof grain alcohol
3102,sloe gin
3103,Scotch whiskey
3104,cooking wine
3105,flour tortilla
3106,oysters juice
3107,rainbow trout fillets
3108,salad dressing Miracle Whip
3109,lobster tail
3110,choy
3111,sage seasoning mixture
3112,oysters liquid
3113,instant onion
3114,beets liquid
3115,tart green apple
3116,beef bacon drippings
3117,tomatoes chile peppers liquid
3118,Cookies vanilla wafers fat
3119,pork sirloin
3120,haddock
3121,lime wedge
3122,proof grain alcohol
3123,liters apple cider
3124,gummi snakes candy
3125,brussel sprouts
3126,dash ground cinnamon
3127,chocolate chunks
3128,pandan leaf
3129,dairy amaretto creamer
3130,sago
3131,bagel
3132,fillets steaks
3133,chard
3134,dash seasoning salt
3135,breast cutlets
3136,hollandaise sauce mix
3137,sauerkraut dry
3138,wheat bread crumbs
3139,fluid campari
3140,wedge lemon
3141,fluid cointreau
3142,pint strawberries leaves
3143,scoops chocolate ice cream
3144,chili pepper flakes
3145,pork loin rib chops
3146,soy vermicelli
3147,rice wrappers
3148,sage ground breakfast sausage
3149,chile peppers juice
3150,chai tea bag
3151,fluid boiling water
3152,fluid goats
3153,vanilla schnapps
3154,wedge orange
3155,fluid cold milk
3156,fluid rum cream liqueur
3157,fluid strawberry syrup
3158,pork liver
3159,chipotle salsa
3160,mahi mahi
3161,pint blackberries
3162,pint currants
3163,cubed tomatoes
3164,strawberries leaves
3165,spring roll wrappers
3166,curds
3167,chili garlic
3168,strawberry nectar
3169,blueberries syrup
3170,medium buckwheat groats
3171,bunch cilantro leaves
3172,shrimp drain
3173,drawn rockfish
3174,puff pastry sheet
3175,medium carrot
3176,marjoram leaves
3177,puff pastry shells
3178,mushroom caps
3179,New York strip steaks
3180,rice stick noodles
3181,puree
3182,sun tomatoes oil
3183,ripe olives
3184,Betty Crocker Rich Creamy Sour Cream Frosting
3185,lingonberries
3186,low-fat firm tofu
3187,pork chops cut
3188,yellow bell
3189,gingerroot
3190,thyme leaves
3191,pink salmon fillets
3192,packets maple sugar oatmeal
3193,marshmallow
3194,firm tofu inch cubes
3195,bread inch thick
3196,rosemary leaves
3197,ground beef chuck
3198,mafalda pasta
3199,part skim mozzarella cheese
3200,yellowfin tuna
3201,stir-fry vegetables
3202,style stir fry sauce
3203,pods
3204,boneless center loin roast
3205,bell pepper cut eighths
3206,savoy cabbage
3207,ready-to-serve pizza crust inches diameter
3208,butter flavor popcorn
3209,gallon proof grain alcohol
3210,gallons juice
3211,grape sports
3212,chocolate buttercrunch candies
3213,breast tenders
3214,avocado dip
3215,leaves basil leaves
3216,peppermint ice cream
3217,ground round
3218,fluid cinnamon schnapps
3219,HERSHEY® Milk Chocolate Bar pieces
3220,ice cream sticks
3221,REESE'S® Peanut Butter Chips
3222,HERSHEY® Baking Chocolate
3223,HERSHEY® MINI KISSES Milk Chocolate Baking Pieces
3224,flax seed meal
3225,HERSHEY® KISSES® Milk Chocolates
3226,vanilla yogurt gelatin
3227,scoops coffee ice cream
3228,dill spears
3229,Peppermint Pattie
3230,island salad
3231,Cheddar cheese strips
3232,tip steaks cut
3233,tube
3234,sandwich crackers
3235,butter flavor oil
3236,bag
3237,fluid liquid
3238,tomato pulp
3239,sack giblets turkey
3240,sweet potatoes syrup
3241,bear snack crackers
3242,HERSHEY® Premier White Chips
3243,REESE PIECES® Candies
3244,sausage link
3245,yam
3246,honey graham cereal
3247,HERSHEY® HUGS® Chocolates
3248,round roast
3249,HERSHEY® Jolly Jellies Sweet Fruity Candies
3250,leek soup mix
3251,garlic herb salad mix
3252,ravioli
3253,orange jam
3254,mandarin segments juice
3255,sirloin roast
3256,shoestring licorice
3257,pieces corn
3258,boneless beef ribs
3259,salt blend
3260,bulbs shallots
3261,fluid stout beer
3262,strip celery
3263,ice cream sandwiches
3264,honey corn oat cereal
3265,graham cookies
3266,cocktail onions
3267,% Pure Pumpkin
3268,medium apple
3269,orange food color
3270,dash peppermint extract
3271,margarine spread
3272,marshmallow fluff
3273,dash food
3274,beer room temperature
3275,baby lima beans
3276,miniature milk chocolate chips
3277,cherry chip mix
3278,focaccia bread
3279,chopped mushrooms
3280,beef frankfurters size pieces
3281,sprinkles
3282,sugar cubes
3283,pork tenderloin medallions
3284,navel oranges
3285,cold coffee
3286,pint sloe gin
3287,cocktail wieners
3288,pesto sauce mix
3289,recipe pie crust
3290,strawberry pie filling
3291,beef sirloin strips
3292,parsley leaves
3293,Burgundy wine
3294,fruit blueberry syrup
3295,plain croissants
3296,tomatoes half
3297,Muenster cheese
3298,suet
3299,candy canes
3300,vanilla candy coating
3301,chocolate candy coating
3302,strawberry fruit rolls
3303,Betty Crocker ® Supermoist ® holiday mix
3304,gumdrop
3305,Betty Crocker ® SuperMoist butter recipe cake mix
3306,chocolate shot
3307,twists pretzel twists
3308,Betty Crocker ® Gingerbread Cake Cookie Mix
3309,peanut butter sandwich cookies
3310,sticks ends
3311,oval licorice candies
3312,creamy dip
3313,Betty Crocker ® Cranberry Orange Quickbread Mix
3314,mandarin segments
3315,chocolate confectioners
3316,Betty Crocker ® Banana Quickbread Mix
3317,chocolate fudge sauce
3318,wine sherry
3319,peach apricot preserves
3320,cookies pecans
3321,pumpkin pie mix
3322,Betty Crocker ® SuperMoist ® Rainbow Chip Cake Mix
3323,Betty Crocker ® Rich Creamy vanilla ready-to-spread frosting
3324,coconut marshmallow cake balls filling
3325,pink licorice candy
3326,pieces candy gum
3327,sticks fruit gum
3328,Betty Crocker® Wild Blueberry Muffin Mix
3329,toothpicks
3330,Betty Crocker ® Rich Creamy butter cream ready-to-spread frosting
3331,cooking apple
3332,oxtail soup
3333,size crispy corn cereal squares
3334,cranberry orange sauce
3335,crisply bacon
3336,pine nuts nuts
3337,medium bell pepper
3338,package combination carrots cauliflower
3339,squash inch pieces
3340,linguine spaghetti
3341,combination
3342,sage leaves
3343,pork tenderloins
3344,chunks reserve juice
3345,firm tomatoes
3346,soy cheese
3347,grape drink mix
3348,orange drink mix
3349,mint candies
3350,baking chocolate
3351,color
3352,sprinkles candies
3353,peppermint candy candy canes
3354,candy cane
3355,mild molasses
3356,seedless raspberry apricot preserves
3357,chocolate graham cracker crumbs
3358,mini chocolate chips
3359,curls
3360,baking chips
3361,yeast extract spread
3362,beans liquid
3363,onions inch pieces
3364,sodium chicken bouillon crystals
3365,calorie mayonnaise
3366,lime rind
3367,macadamia nuts almonds
3368,cutlets strips
3369,potatoes inch cubes
3370,chick peas
3371,bone turkey breast half
3372,calorie cheese
3373,pint chocolate fudge ice cream
3374,fryer boiler chicken
3375,steaks meat
3376,spicy pork sausage
3377,pack pumpkin
3378,milk crackers
3379,EAGLE BRAND® Milk
3380,fluid nonfat milk
3381,soy liquid
3382,ground chipotle chiles
3383,fluid peppermint schnapps
3384,lemon tea powder
3385,Comfort liqueur
3386,scoops sherbet
3387,gold tequila
3388,fluid cranberry raspberry juice
3389,cream coconut Coco Lopez
3390,orange banana juice
3391,pints fruit sherbet
3392,orange peach mango juice
3393,cooking grits
3394,bunch dill
3395,tilapia bream
3396,head florets
3397,mozzarella cheese sticks
3398,fennel seeds
3399,tomato sauce mushrooms
3400,bone ham
3401,sourdough buns
3402,rice pasta pilaf mix
3403,tart cherries
3404,jam preserves
3405,lemon almond extract
3406,HERSHEY® Baking Chocolate pieces
3407,caramel ice cream topping caramel apple dip
3408,fudge ice cream topping
3409,dash barbeque sauce
3410,fluid sloe gin
3411,strawberry liqueur
3412,Blue Curacao
3413,fluid vanilla vodka
3414,fluid brandy orange liqueur
3415,fluid jagermeister liqueur
3416,parsley sprigs
3417,Caesar salad
3418,ground beef e.g. Gim Lean TM
3419,peach vodka
3420,apple cinnamon cereal
3421,style mix
3422,baby greens
3423,mini pretzel sticks
3424,cherry brandy liqueur
3425,peach juice
3426,sun tomato oregano salad
3427,chard leaves
3428,honey salad
3429,blueberry yogurt
3430,supreme brownie mix syrup pouch
3431,boneless venison roast
3432,spaghetti meat sauce
3433,clove
3434,wheat spaghetti
3435,English peas
3436,cooking grain rice packet
3437,packet chicken soup mix
3438,pinches dill weed
3439,oyster stew
3440,scoops ice cream
3441,pizza crusts
3442,beef rib roast
3443,plain bread crumbs
3444,boneless beef sirloin steak
3445,mini pretzels
3446,bagel chips
3447,bunch arugula
3448,bread roll mix yeast
3449,corn tortillas wedges
3450,spaghetti meat
3451,pepperoncini peppers
3452,au gratin potato mix
3453,orange soda
3454,buttery round cracker crumbs
3455,saltine cracker crumbs
3456,cubed skinless
3457,buttermilk biscuits
3458,protein supplement
3459,serve graham crusts
3460,walnuts almonds
3461,envelope mix dry
3462,sugar lemonade mix
3463,yogurt Yoplait®
3464,honey peanuts
3465,loaf pound cake
3466,sausage spaghetti
3467,dash pepper flakes
3468,cinnamon raisin bread
3469,blueberry preserves
3470,pinch seed
3471,dill dip mix
3472,round pumpernickel loaf
3473,ham meat spread
3474,chicken stuffing mix
3475,serrano pepper
3476,stilton cheese
3477,halves pieces
3478,braunschweiger liver sausage
3479,margarita cocktail
3480,cookies
3481,family size tea bags
3482,beef tenderloin filet
3483,stem ginger syrup
3484,sheets sheets
3485,rice vermicelli
3486,round pumpernickel loaves
3487,spinach thawed
3488,plain bagels
3489,Roquefort cheese
3490,ranch salad mix
3491,poblano pepper
3492,olives liquid
3493,Italian-style salad
3494,basil leaves garnish
3495,peanut halves
3496,inch pieces shoestring licorice
3497,dill pickle spears
3498,boneless quail
3499,almond toffee bits e.g Heath Bits O Brickle
3500,shoestring potatoes
3501,coconut cookies
3502,cheese strips
3503,pomegranates
3504,amarettini cookies
3505,cocktail sausages
3506,sun tomato pesto
3507,bunch sorrel
3508,bone beef shank
3509,pod star anise
3510,seafood stock
3511,malt powder
3512,drops color liquid food color
3513,Betty Crocker® Original Supreme brownie mix chocolate syrup
3514,Betty Crocker ® Rich Creamy chocolate ready-to-spread frosting
3515,sorghum molasses
3516,celery root
3517,bottles
3518,fluid apple cider
3519,fluid deluxe whiskey
3520,sweet wine
3521,rum coffee liqueur e.g Tia Maria
3522,sage breakfast sausage
3523,jumbo eggs
3524,bunches beets
3525,pint buttermilk
3526,water room temperature
3527,pearl sago
3528,seafood
3529,style salad mix
3530,clementines
3531,corn oil frying
3532,piece ginger root
3533,cherries stems
3534,yogurt raisins
3535,banana chips
3536,shrimp liquid
3537,beef tip
3538,cayenne
3539,pequin chile pepper
3540,dash chili sauce
3541,veal scallops
3542,recipes pastry inch crust pie
3543,rolls hamburger buns
3544,pints ice cream
3545,pints coffee ice cream
3546,maraschino cherries stems
3547,dip mix
3548,spicy ground pork sausage
3549,frankfurters inch pieces
3550,serrano peppers
3551,pureed persimmons
3552,cream onion dip
3553,cream chicken herbs soup
3554,mushroom pieces
3555,dash wine
3556,chicken giblets
3557,corn relish
3558,chicken nuggets
3559,garlic focaccia bread
3560,stalks broccoli
3561,French-fried onion rings
3562,wheat flour tortillas
3563,sumac powder
3564,raspberry walnut vinaigrette
3565,tri-color pasta
3566,center cut pork chops
3567,fries
3568,croissants
3569,lengthwise
3570,romaine hearts
3571,spicy barbeque sauce
3572,salad mix
3573,bunch baby spinach
3574,cinnamon graham cookies
3575,banana pepper
3576,risotto mix
3577,round pumpernickel
3578,garlic-herb spread
3579,duck sauce
3580,walnut halves pieces
3581,gallon snow
3582,brioche
3583,snow
3584,fluid food coloring
3585,chocolate malt powder
3586,ground coffee beans
3587,cream wheat
3588,drops color food coloring
3589,BETTY CROCKER ® Fudge Brownie Mix
3590,vanilla milk chips
3591,milk chocolate kisses chocolate stripes
3592,candy milk chocolates
3593,milk ball candies
3594,almond butter
3595,cinnamon swirl coffee cake mix
3596,sugar fudge pudding
3597,cashew butter
3598,plain potato chips
3599,mild
3600,plain tortilla chips
3601,slab bacon
3602,leaf spinach
3603,cucumbers lengthwise
3604,lime marinade
3605,cheese croutons
3606,rings pineapple
3607,peanut powder
3608,onion gravy mix
3609,cornflake crumbs
3610,boneless turkey breast
3611,ground oregano
3612,stone ground mustard
3613,roma tomatoes juice
3614,cinnamon chips
3615,size wheat cereal
3616,grits
3617,garlic cheese
3618,bunch asparagus
3619,potato soup
3620,lentils liquid
3621,flavor soy cheese
3622,pint light cream
3623,soy creamer
3624,pizza crust doughs
3625,butter cooking spray
3626,deli beef
3627,Worcestershire sauce
3628,beef rice mix e.g Rice A Roni
3629,grain rice mixture
3630,cream tomato soup
3631,inch slices
3632,Brussels sprouts
3633,hickory barbeque sauce
3634,sodium teriyaki sauce
3635,habanero sauce
3636,mild paprika
3637,bread lengthwise
3638,mesquite mix
3639,bunch cilantro roots
3640,gallon dill pickle
3641,bacon crackers
3642,sprig dill
3643,rolls split
3644,mild chunky salsa
3645,baby dill pickles
3646,salmon roe
3647,thin beef
3648,fluid cherry brandy
3649,figs juice
3650,gianduja chocolate
3651,mango slices juice
3652,skinless chicken leg
3653,medium egg noodles
3654,lump crabmeat
3655,whitefish
3656,Manhattan style clam chowder
3657,chicken leg meat
3658,hickory smoke barbeque sauce
3659,herbs
3660,herb mayonnaise
3661,chicken breast
3662,orange sweet potatoes
3663,pea beans
3664,linguica sausage
3665,denjang
3666,gochujang
3667,arrowroot biscuits
3668,soybean oil
3669,milk chocolate candy bars
3670,semolina
3671,HERSHEY® Cinnamon Chips
3672,mortadella
3673,twist lime zest
3674,mocha coffee mix
3675,chocolate breakfast mix
3676,fluid guava juice cocktail
3677,salmon skin bones
3678,lamb ribs
3679,steaks inch thick
3680,frozen carrots
3681,tempeh pieces
3682,gravy mix
3683,bell peppers onions
3684,flour tortillas
3685,crescent dinner rolls
3686,masa flour
3687,seedless blackberry jam
3688,blueberries juice
3689,cane syrup
3690,candy butter pieces
3691,bittersweet chocolate chips
3692,preserves
3693,boneless skinless breast halves
3694,ORTEGA® Fajita Seasoning Mix
3695,cream cheese pieces
3696,suggestions tomatoes
3697,pack kernel corn
3698,corn husks
3699,stone ground wheat flour
3700,prune
3701,plain devil food cake mix mix
3702,anise
3703,tea biscuits
3704,raisin cherry fruit mix
3705,chocolate caramel candies
3706,strawberry yogurt fruit spread
3707,ORTEGA® Whole Green Chiles
3708,radiatore pasta
3709,turkey kielbasa
3710,pasta sauce mushrooms
3711,butterfly pork chops
3712,packets spaghetti mix
3713,mushroom gravy mix
3714,pie crusts room temperature
3715,suggestions
3716,seafood cocktail sauce
3717,orange roughy
3718,beef soup bone
3719,cooking rice flavor mix
3720,chicken carcass
3721,meat tortellini
3722,bunch celery leaves
3723,celery tops leaves
3724,Great Northern beans
3725,ORTEGA® Salsa Prima Homestyle Mild
3726,ORTEGA® Salsa Prima 
3727,cotija cheese
3728,round wonton wrappers
3729,non seeds
3730,cubes
3731,pineapple coconut nectar
3732,club soda water
3733,ground sage pork sausage
3734,style vinaigrette
3735,pinto kidney beans
3736,seed salad
3737,boneless lamb meat
3738,medium ripe avocado
3739,medium yellow bell peppers
3740,size pieces leaf lettuce
3741,turkey breast cutlets
3742,hardwood chips
3743,enchilada sauce mix
3744,potato hamburger buns
3745,beef tenderloin filet inch thick
3746,ORTEGA® Enchilada Sauce Green Chiles Onion
3747,plain crumbs
3748,beef kielbasa size pieces
3749,boneless sirloin tip roast
3750,cut round steak
3751,boneless beef shoulder clod chuck roast
3752,ORTEGA® Thick Smooth Taco Sauce
3753,cabbage leaves
3754,fluid skim milk
3755,pork tenderloin boneless pork chops
3756,bulk pork sausage
3757,party rolls
3758,turkey chili
3759,bread inch pieces
3760,chili beef soup
3761,pita wedges
3762,marinara sauce
3763,Cheddar/Monterey Jack blend
3764,coleslaw
3765,miniature croissants
3766,costeno amarillo chile peppers
3767,cube broth
3768,broccoli carrots combination
3769,purple potatoes
3770,ground beef turkey
3771,medium ripe avocados
3772,mandarin oranges frozen
3773,fluid amaretto
3774,fluid ice
3775,fluid grape wine
3776,Dr. Pepper  drink
3777,NESTLE® CARNATION® Milk
3778,lowfat strawberry yogurt
3779,NESTLE® CARNATION® Evaporated Fat Free Milk
3780,stalk lemon grass
3781,bean paste
3782,cold potatoes
3783,spread Nutella®
3784,Betty Crocker® Carrot Cake Mix
3785,Betty Crocker® Whipped frosting
3786,construction paper
3787,beans gumdrops
3788,BUITONI® Linguini
3789,BUITONI® Pesto Basil
3790,BUITONI® Cheese Tortellini
3791,chicken turkey
3792,inch cedar plank
3793,baby potatoes
3794,ham steak pieces
3795,pizza crust bread shell
3796,BUITONI® Pesto Sun-Dried Tomatoes
3797,onion alfalfa sprouts
3798,sugar replacement
3799,treacle molasses
